{
  "accuracy": 0.7337662337662337,
  "roc_auc": 0.8125925925925926,
  "precision": 0.6031746031746031,
  "recall": 0.7037037037037037,
  "f1": 0.6495726495726496
}